"","X1","time","replicate","ensembl_gene_id","hgnc_symbol","type","count","target_status"
"1",5345,"0h","rep1","ENSG00000142676","RPL11","rna",3615,"non-target"
"2",16079,"0h","rep2","ENSG00000142676","RPL11","rna",4088,"non-target"
"3",26813,"0h","rep3","ENSG00000142676","RPL11","rna",3728,"non-target"
"4",37547,"14h","rep1","ENSG00000142676","RPL11","rna",4235,"non-target"
"5",48281,"14h","rep2","ENSG00000142676","RPL11","rna",3631,"non-target"
"6",59015,"14h","rep3","ENSG00000142676","RPL11","rna",4159,"non-target"
"7",69749,"4h","rep1","ENSG00000142676","RPL11","rna",3867,"non-target"
"8",80483,"4h","rep2","ENSG00000142676","RPL11","rna",3813,"non-target"
"9",91217,"4h","rep3","ENSG00000142676","RPL11","rna",3814,"non-target"
"10",101951,"8h","rep1","ENSG00000142676","RPL11","rna",4706,"non-target"
"11",112685,"8h","rep2","ENSG00000142676","RPL11","rna",5051,"non-target"
"12",123419,"8h","rep3","ENSG00000142676","RPL11","rna",4492,"non-target"
"13",10503,"0h","rep1","ENSG00000265681","RPL17","rna",56,"non-target"
"14",21237,"0h","rep2","ENSG00000265681","RPL17","rna",71,"non-target"
"15",31971,"0h","rep3","ENSG00000265681","RPL17","rna",64,"non-target"
"16",42705,"14h","rep1","ENSG00000265681","RPL17","rna",100,"non-target"
"17",53439,"14h","rep2","ENSG00000265681","RPL17","rna",64.5,"non-target"
"18",64173,"14h","rep3","ENSG00000265681","RPL17","rna",93,"non-target"
"19",74907,"4h","rep1","ENSG00000265681","RPL17","rna",56,"non-target"
"20",85641,"4h","rep2","ENSG00000265681","RPL17","rna",64.5,"non-target"
"21",96375,"4h","rep3","ENSG00000265681","RPL17","rna",55.5,"non-target"
"22",107109,"8h","rep1","ENSG00000265681","RPL17","rna",64.5,"non-target"
"23",117843,"8h","rep2","ENSG00000265681","RPL17","rna",98,"non-target"
"24",128577,"8h","rep3","ENSG00000265681","RPL17","rna",72,"non-target"
"25",567,"0h","rep1","ENSG00000063177","RPL18","rna",2639,"non-target"
"26",11301,"0h","rep2","ENSG00000063177","RPL18","rna",2970,"non-target"
"27",22035,"0h","rep3","ENSG00000063177","RPL18","rna",2753,"non-target"
"28",32769,"14h","rep1","ENSG00000063177","RPL18","rna",2107,"non-target"
"29",43503,"14h","rep2","ENSG00000063177","RPL18","rna",1950,"non-target"
"30",54237,"14h","rep3","ENSG00000063177","RPL18","rna",2569,"non-target"
"31",64971,"4h","rep1","ENSG00000063177","RPL18","rna",2764,"non-target"
"32",75705,"4h","rep2","ENSG00000063177","RPL18","rna",2833,"non-target"
"33",86439,"4h","rep3","ENSG00000063177","RPL18","rna",2667,"non-target"
"34",97173,"8h","rep1","ENSG00000063177","RPL18","rna",3259,"non-target"
"35",107907,"8h","rep2","ENSG00000063177","RPL18","rna",3532,"non-target"
"36",118641,"8h","rep3","ENSG00000063177","RPL18","rna",3173,"non-target"
"37",6896,"0h","rep1","ENSG00000163584","RPL22L1","rna",287,"non-target"
"38",17630,"0h","rep2","ENSG00000163584","RPL22L1","rna",293,"non-target"
"39",28364,"0h","rep3","ENSG00000163584","RPL22L1","rna",282,"non-target"
"40",39098,"14h","rep1","ENSG00000163584","RPL22L1","rna",156,"non-target"
"41",49832,"14h","rep2","ENSG00000163584","RPL22L1","rna",127,"non-target"
"42",60566,"14h","rep3","ENSG00000163584","RPL22L1","rna",155,"non-target"
"43",71300,"4h","rep1","ENSG00000163584","RPL22L1","rna",287,"non-target"
"44",82034,"4h","rep2","ENSG00000163584","RPL22L1","rna",278,"non-target"
"45",92768,"4h","rep3","ENSG00000163584","RPL22L1","rna",268,"non-target"
"46",103502,"8h","rep1","ENSG00000163584","RPL22L1","rna",280,"non-target"
"47",114236,"8h","rep2","ENSG00000163584","RPL22L1","rna",307,"non-target"
"48",124970,"8h","rep3","ENSG00000163584","RPL22L1","rna",262,"non-target"
"49",3749,"0h","rep1","ENSG00000125691","RPL23","rna",3609,"non-target"
"50",14483,"0h","rep2","ENSG00000125691","RPL23","rna",3925,"non-target"
"51",25217,"0h","rep3","ENSG00000125691","RPL23","rna",3602,"non-target"
"52",35951,"14h","rep1","ENSG00000125691","RPL23","rna",3246,"non-target"
"53",46685,"14h","rep2","ENSG00000125691","RPL23","rna",2744,"non-target"
"54",57419,"14h","rep3","ENSG00000125691","RPL23","rna",2969,"non-target"
"55",68153,"4h","rep1","ENSG00000125691","RPL23","rna",3562,"non-target"
"56",78887,"4h","rep2","ENSG00000125691","RPL23","rna",3416,"non-target"
"57",89621,"4h","rep3","ENSG00000125691","RPL23","rna",3205,"non-target"
"58",100355,"8h","rep1","ENSG00000125691","RPL23","rna",3832,"non-target"
"59",111089,"8h","rep2","ENSG00000125691","RPL23","rna",4341,"non-target"
"60",121823,"8h","rep3","ENSG00000125691","RPL23","rna",3712,"non-target"
"61",10157,"0h","rep1","ENSG00000240356","RPL23AP7","rna",8,"non-target"
"62",20891,"0h","rep2","ENSG00000240356","RPL23AP7","rna",15,"non-target"
"63",31625,"0h","rep3","ENSG00000240356","RPL23AP7","rna",9,"non-target"
"64",42359,"14h","rep1","ENSG00000240356","RPL23AP7","rna",1,"non-target"
"65",53093,"14h","rep2","ENSG00000240356","RPL23AP7","rna",2,"non-target"
"66",63827,"14h","rep3","ENSG00000240356","RPL23AP7","rna",2,"non-target"
"67",74561,"4h","rep1","ENSG00000240356","RPL23AP7","rna",3,"non-target"
"68",85295,"4h","rep2","ENSG00000240356","RPL23AP7","rna",9,"non-target"
"69",96029,"4h","rep3","ENSG00000240356","RPL23AP7","rna",8,"non-target"
"70",106763,"8h","rep1","ENSG00000240356","RPL23AP7","rna",2,"non-target"
"71",117497,"8h","rep2","ENSG00000240356","RPL23AP7","rna",7,"non-target"
"72",128231,"8h","rep3","ENSG00000240356","RPL23AP7","rna",8,"non-target"
"73",4203,"0h","rep1","ENSG00000131469","RPL27","rna",1746,"non-target"
"74",14937,"0h","rep2","ENSG00000131469","RPL27","rna",2189,"non-target"
"75",25671,"0h","rep3","ENSG00000131469","RPL27","rna",2031,"non-target"
"76",36405,"14h","rep1","ENSG00000131469","RPL27","rna",1906,"non-target"
"77",47139,"14h","rep2","ENSG00000131469","RPL27","rna",1585,"non-target"
"78",57873,"14h","rep3","ENSG00000131469","RPL27","rna",2058,"non-target"
"79",68607,"4h","rep1","ENSG00000131469","RPL27","rna",1905,"non-target"
"80",79341,"4h","rep2","ENSG00000131469","RPL27","rna",1645,"non-target"
"81",90075,"4h","rep3","ENSG00000131469","RPL27","rna",1703,"non-target"
"82",100809,"8h","rep1","ENSG00000131469","RPL27","rna",2158,"non-target"
"83",111543,"8h","rep2","ENSG00000131469","RPL27","rna",2529,"non-target"
"84",122277,"8h","rep3","ENSG00000131469","RPL27","rna",2237,"non-target"
"85",2328,"0h","rep1","ENSG00000108107","RPL28","rna",1203.99,"non-target"
"86",13062,"0h","rep2","ENSG00000108107","RPL28","rna",1698.98,"non-target"
"87",23796,"0h","rep3","ENSG00000108107","RPL28","rna",1479,"non-target"
"88",34530,"14h","rep1","ENSG00000108107","RPL28","rna",980.99,"non-target"
"89",45264,"14h","rep2","ENSG00000108107","RPL28","rna",859.99,"non-target"
"90",55998,"14h","rep3","ENSG00000108107","RPL28","rna",1323.98,"non-target"
"91",66732,"4h","rep1","ENSG00000108107","RPL28","rna",1533,"non-target"
"92",77466,"4h","rep2","ENSG00000108107","RPL28","rna",987,"non-target"
"93",88200,"4h","rep3","ENSG00000108107","RPL28","rna",1434.99,"non-target"
"94",98934,"8h","rep1","ENSG00000108107","RPL28","rna",1586,"non-target"
"95",109668,"8h","rep2","ENSG00000108107","RPL28","rna",1454.99,"non-target"
"96",120402,"8h","rep3","ENSG00000108107","RPL28","rna",1435.98,"non-target"
"97",6339,"0h","rep1","ENSG00000156482","RPL30","rna",1896,"non-target"
"98",17073,"0h","rep2","ENSG00000156482","RPL30","rna",2242,"non-target"
"99",27807,"0h","rep3","ENSG00000156482","RPL30","rna",2092,"non-target"
"100",38541,"14h","rep1","ENSG00000156482","RPL30","rna",2783,"non-target"
"101",49275,"14h","rep2","ENSG00000156482","RPL30","rna",2003,"non-target"
"102",60009,"14h","rep3","ENSG00000156482","RPL30","rna",2359,"non-target"
"103",70743,"4h","rep1","ENSG00000156482","RPL30","rna",2122,"non-target"
"104",81477,"4h","rep2","ENSG00000156482","RPL30","rna",2081,"non-target"
"105",92211,"4h","rep3","ENSG00000156482","RPL30","rna",2049,"non-target"
"106",102945,"8h","rep1","ENSG00000156482","RPL30","rna",2528,"non-target"
"107",113679,"8h","rep2","ENSG00000156482","RPL30","rna",2739,"non-target"
"108",124413,"8h","rep3","ENSG00000156482","RPL30","rna",2419,"non-target"
"109",2446,"0h","rep1","ENSG00000109475","RPL34","rna",0,"non-target"
"110",13180,"0h","rep2","ENSG00000109475","RPL34","rna",0,"non-target"
"111",23914,"0h","rep3","ENSG00000109475","RPL34","rna",2,"non-target"
"112",34648,"14h","rep1","ENSG00000109475","RPL34","rna",1,"non-target"
"113",45382,"14h","rep2","ENSG00000109475","RPL34","rna",0,"non-target"
"114",56116,"14h","rep3","ENSG00000109475","RPL34","rna",0,"non-target"
"115",66850,"4h","rep1","ENSG00000109475","RPL34","rna",1,"non-target"
"116",77584,"4h","rep2","ENSG00000109475","RPL34","rna",0,"non-target"
"117",88318,"4h","rep3","ENSG00000109475","RPL34","rna",1,"non-target"
"118",99052,"8h","rep1","ENSG00000109475","RPL34","rna",0,"non-target"
"119",109786,"8h","rep2","ENSG00000109475","RPL34","rna",0,"non-target"
"120",120520,"8h","rep3","ENSG00000109475","RPL34","rna",0,"non-target"
"121",8829,"0h","rep1","ENSG00000182899","RPL35A","rna",1805,"non-target"
"122",19563,"0h","rep2","ENSG00000182899","RPL35A","rna",2020,"non-target"
"123",30297,"0h","rep3","ENSG00000182899","RPL35A","rna",1833,"non-target"
"124",41031,"14h","rep1","ENSG00000182899","RPL35A","rna",2524,"non-target"
"125",51765,"14h","rep2","ENSG00000182899","RPL35A","rna",1885,"non-target"
"126",62499,"14h","rep3","ENSG00000182899","RPL35A","rna",2163,"non-target"
"127",73233,"4h","rep1","ENSG00000182899","RPL35A","rna",1980,"non-target"
"128",83967,"4h","rep2","ENSG00000182899","RPL35A","rna",1912,"non-target"
"129",94701,"4h","rep3","ENSG00000182899","RPL35A","rna",1744,"non-target"
"130",105435,"8h","rep1","ENSG00000182899","RPL35A","rna",2434,"non-target"
"131",116169,"8h","rep2","ENSG00000182899","RPL35A","rna",2675,"non-target"
"132",126903,"8h","rep3","ENSG00000182899","RPL35A","rna",2161,"non-target"
"133",4071,"0h","rep1","ENSG00000130255","RPL36","rna",1764,"non-target"
"134",14805,"0h","rep2","ENSG00000130255","RPL36","rna",1994,"non-target"
"135",25539,"0h","rep3","ENSG00000130255","RPL36","rna",1870,"non-target"
"136",36273,"14h","rep1","ENSG00000130255","RPL36","rna",1076,"non-target"
"137",47007,"14h","rep2","ENSG00000130255","RPL36","rna",1058,"non-target"
"138",57741,"14h","rep3","ENSG00000130255","RPL36","rna",1585,"non-target"
"139",68475,"4h","rep1","ENSG00000130255","RPL36","rna",1943,"non-target"
"140",79209,"4h","rep2","ENSG00000130255","RPL36","rna",1894,"non-target"
"141",89943,"4h","rep3","ENSG00000130255","RPL36","rna",1761,"non-target"
"142",100677,"8h","rep1","ENSG00000130255","RPL36","rna",2197,"non-target"
"143",111411,"8h","rep2","ENSG00000130255","RPL36","rna",2355,"non-target"
"144",122145,"8h","rep3","ENSG00000130255","RPL36","rna",1961,"non-target"
"145",5617,"0h","rep1","ENSG00000145592","RPL37","rna",2188,"non-target"
"146",16351,"0h","rep2","ENSG00000145592","RPL37","rna",2902,"non-target"
"147",27085,"0h","rep3","ENSG00000145592","RPL37","rna",2640,"non-target"
"148",37819,"14h","rep1","ENSG00000145592","RPL37","rna",2334,"non-target"
"149",48553,"14h","rep2","ENSG00000145592","RPL37","rna",2026,"non-target"
"150",59287,"14h","rep3","ENSG00000145592","RPL37","rna",2581,"non-target"
"151",70021,"4h","rep1","ENSG00000145592","RPL37","rna",2468,"non-target"
"152",80755,"4h","rep2","ENSG00000145592","RPL37","rna",2532,"non-target"
"153",91489,"4h","rep3","ENSG00000145592","RPL37","rna",2209,"non-target"
"154",102223,"8h","rep1","ENSG00000145592","RPL37","rna",2784,"non-target"
"155",112957,"8h","rep2","ENSG00000145592","RPL37","rna",3271,"non-target"
"156",123691,"8h","rep3","ENSG00000145592","RPL37","rna",2763,"non-target"
"157",9545,"0h","rep1","ENSG00000197756","RPL37A","rna",3338,"non-target"
"158",20279,"0h","rep2","ENSG00000197756","RPL37A","rna",4336,"non-target"
"159",31013,"0h","rep3","ENSG00000197756","RPL37A","rna",4048,"non-target"
"160",41747,"14h","rep1","ENSG00000197756","RPL37A","rna",3410,"non-target"
"161",52481,"14h","rep2","ENSG00000197756","RPL37A","rna",2889,"non-target"
"162",63215,"14h","rep3","ENSG00000197756","RPL37A","rna",3826,"non-target"
"163",73949,"4h","rep1","ENSG00000197756","RPL37A","rna",4004,"non-target"
"164",84683,"4h","rep2","ENSG00000197756","RPL37A","rna",4056,"non-target"
"165",95417,"4h","rep3","ENSG00000197756","RPL37A","rna",3702,"non-target"
"166",106151,"8h","rep1","ENSG00000197756","RPL37A","rna",4405,"non-target"
"167",116885,"8h","rep2","ENSG00000197756","RPL37A","rna",4948,"non-target"
"168",127619,"8h","rep3","ENSG00000197756","RPL37A","rna",3980,"non-target"
"169",8073,"0h","rep1","ENSG00000172809","RPL38","rna",2156,"non-target"
"170",18807,"0h","rep2","ENSG00000172809","RPL38","rna",2653,"non-target"
"171",29541,"0h","rep3","ENSG00000172809","RPL38","rna",2328,"non-target"
"172",40275,"14h","rep1","ENSG00000172809","RPL38","rna",1791,"non-target"
"173",51009,"14h","rep2","ENSG00000172809","RPL38","rna",1763,"non-target"
"174",61743,"14h","rep3","ENSG00000172809","RPL38","rna",2036,"non-target"
"175",72477,"4h","rep1","ENSG00000172809","RPL38","rna",2366,"non-target"
"176",83211,"4h","rep2","ENSG00000172809","RPL38","rna",2251,"non-target"
"177",93945,"4h","rep3","ENSG00000172809","RPL38","rna",1926,"non-target"
"178",104679,"8h","rep1","ENSG00000172809","RPL38","rna",2450,"non-target"
"179",115413,"8h","rep2","ENSG00000172809","RPL38","rna",2812,"non-target"
"180",126147,"8h","rep3","ENSG00000172809","RPL38","rna",2511,"non-target"
"181",6964,"0h","rep1","ENSG00000163923","RPL39L","rna",16,"non-target"
"182",17698,"0h","rep2","ENSG00000163923","RPL39L","rna",20,"non-target"
"183",28432,"0h","rep3","ENSG00000163923","RPL39L","rna",12,"non-target"
"184",39166,"14h","rep1","ENSG00000163923","RPL39L","rna",23,"non-target"
"185",49900,"14h","rep2","ENSG00000163923","RPL39L","rna",18,"non-target"
"186",60634,"14h","rep3","ENSG00000163923","RPL39L","rna",21,"non-target"
"187",71368,"4h","rep1","ENSG00000163923","RPL39L","rna",24,"non-target"
"188",82102,"4h","rep2","ENSG00000163923","RPL39L","rna",21,"non-target"
"189",92836,"4h","rep3","ENSG00000163923","RPL39L","rna",26,"non-target"
"190",103570,"8h","rep1","ENSG00000163923","RPL39L","rna",45,"non-target"
"191",114304,"8h","rep2","ENSG00000163923","RPL39L","rna",30,"non-target"
"192",125038,"8h","rep3","ENSG00000163923","RPL39L","rna",28,"non-target"
"193",10095,"0h","rep1","ENSG00000229117","RPL41","rna",43,"non-target"
"194",20829,"0h","rep2","ENSG00000229117","RPL41","rna",61,"non-target"
"195",31563,"0h","rep3","ENSG00000229117","RPL41","rna",58,"non-target"
"196",42297,"14h","rep1","ENSG00000229117","RPL41","rna",60,"non-target"
"197",53031,"14h","rep2","ENSG00000229117","RPL41","rna",41,"non-target"
"198",63765,"14h","rep3","ENSG00000229117","RPL41","rna",87,"non-target"
"199",74499,"4h","rep1","ENSG00000229117","RPL41","rna",45,"non-target"
"200",85233,"4h","rep2","ENSG00000229117","RPL41","rna",82,"non-target"
"201",95967,"4h","rep3","ENSG00000229117","RPL41","rna",68,"non-target"
"202",106701,"8h","rep1","ENSG00000229117","RPL41","rna",50,"non-target"
"203",117435,"8h","rep2","ENSG00000229117","RPL41","rna",95,"non-target"
"204",128169,"8h","rep3","ENSG00000229117","RPL41","rna",90,"non-target"
"205",6663,"0h","rep1","ENSG00000161016","RPL8","rna",3357,"non-target"
"206",17397,"0h","rep2","ENSG00000161016","RPL8","rna",3886,"non-target"
"207",28131,"0h","rep3","ENSG00000161016","RPL8","rna",3589,"non-target"
"208",38865,"14h","rep1","ENSG00000161016","RPL8","rna",2790,"non-target"
"209",49599,"14h","rep2","ENSG00000161016","RPL8","rna",2532,"non-target"
"210",60333,"14h","rep3","ENSG00000161016","RPL8","rna",3266,"non-target"
"211",71067,"4h","rep1","ENSG00000161016","RPL8","rna",3554,"non-target"
"212",81801,"4h","rep2","ENSG00000161016","RPL8","rna",4182,"non-target"
"213",92535,"4h","rep3","ENSG00000161016","RPL8","rna",3548,"non-target"
"214",103269,"8h","rep1","ENSG00000161016","RPL8","rna",4120,"non-target"
"215",114003,"8h","rep2","ENSG00000161016","RPL8","rna",4216,"non-target"
"216",124737,"8h","rep3","ENSG00000161016","RPL8","rna",3876,"non-target"
"217",6917,"0h","rep1","ENSG00000163682","RPL9","rna",7,"non-target"
"218",17651,"0h","rep2","ENSG00000163682","RPL9","rna",2,"non-target"
"219",28385,"0h","rep3","ENSG00000163682","RPL9","rna",1,"non-target"
"220",39119,"14h","rep1","ENSG00000163682","RPL9","rna",4,"non-target"
"221",49853,"14h","rep2","ENSG00000163682","RPL9","rna",5,"non-target"
"222",60587,"14h","rep3","ENSG00000163682","RPL9","rna",7,"non-target"
"223",71321,"4h","rep1","ENSG00000163682","RPL9","rna",3,"non-target"
"224",82055,"4h","rep2","ENSG00000163682","RPL9","rna",7,"non-target"
"225",92789,"4h","rep3","ENSG00000163682","RPL9","rna",3,"non-target"
"226",103523,"8h","rep1","ENSG00000163682","RPL9","rna",9,"non-target"
"227",114257,"8h","rep2","ENSG00000163682","RPL9","rna",5,"non-target"
"228",124991,"8h","rep3","ENSG00000163682","RPL9","rna",9,"non-target"
"229",8478,"0h","rep1","ENSG00000177600","RPLP2","rna",2026,"non-target"
"230",19212,"0h","rep2","ENSG00000177600","RPLP2","rna",2481,"non-target"
"231",29946,"0h","rep3","ENSG00000177600","RPLP2","rna",2330,"non-target"
"232",40680,"14h","rep1","ENSG00000177600","RPLP2","rna",1767,"non-target"
"233",51414,"14h","rep2","ENSG00000177600","RPLP2","rna",1529,"non-target"
"234",62148,"14h","rep3","ENSG00000177600","RPLP2","rna",2033,"non-target"
"235",72882,"4h","rep1","ENSG00000177600","RPLP2","rna",2455,"non-target"
"236",83616,"4h","rep2","ENSG00000177600","RPLP2","rna",2470,"non-target"
"237",94350,"4h","rep3","ENSG00000177600","RPLP2","rna",2388,"non-target"
"238",105084,"8h","rep1","ENSG00000177600","RPLP2","rna",2768,"non-target"
"239",115818,"8h","rep2","ENSG00000177600","RPLP2","rna",3101,"non-target"
"240",126552,"8h","rep3","ENSG00000177600","RPLP2","rna",2479,"non-target"
"241",5332,"0h","rep1","ENSG00000142534","RPS11","rna",4077,"non-target"
"242",16066,"0h","rep2","ENSG00000142534","RPS11","rna",5070,"non-target"
"243",26800,"0h","rep3","ENSG00000142534","RPS11","rna",4655,"non-target"
"244",37534,"14h","rep1","ENSG00000142534","RPS11","rna",4280,"non-target"
"245",48268,"14h","rep2","ENSG00000142534","RPS11","rna",4061,"non-target"
"246",59002,"14h","rep3","ENSG00000142534","RPS11","rna",4293,"non-target"
"247",69736,"4h","rep1","ENSG00000142534","RPS11","rna",4523,"non-target"
"248",80470,"4h","rep2","ENSG00000142534","RPS11","rna",4577,"non-target"
"249",91204,"4h","rep3","ENSG00000142534","RPS11","rna",4384,"non-target"
"250",101938,"8h","rep1","ENSG00000142534","RPS11","rna",5095,"non-target"
"251",112672,"8h","rep2","ENSG00000142534","RPS11","rna",5944,"non-target"
"252",123406,"8h","rep3","ENSG00000142534","RPS11","rna",5083,"non-target"
"253",7094,"0h","rep1","ENSG00000164587","RPS14","rna",3404,"non-target"
"254",17828,"0h","rep2","ENSG00000164587","RPS14","rna",4011,"non-target"
"255",28562,"0h","rep3","ENSG00000164587","RPS14","rna",3889,"non-target"
"256",39296,"14h","rep1","ENSG00000164587","RPS14","rna",3105,"non-target"
"257",50030,"14h","rep2","ENSG00000164587","RPS14","rna",2879,"non-target"
"258",60764,"14h","rep3","ENSG00000164587","RPS14","rna",3365,"non-target"
"259",71498,"4h","rep1","ENSG00000164587","RPS14","rna",3609,"non-target"
"260",82232,"4h","rep2","ENSG00000164587","RPS14","rna",3688,"non-target"
"261",92966,"4h","rep3","ENSG00000164587","RPS14","rna",3298,"non-target"
"262",103700,"8h","rep1","ENSG00000164587","RPS14","rna",4086,"non-target"
"263",114434,"8h","rep2","ENSG00000164587","RPS14","rna",4698,"non-target"
"264",125168,"8h","rep3","ENSG00000164587","RPS14","rna",4154,"non-target"
"265",2048,"0h","rep1","ENSG00000105193","RPS16","rna",1424,"non-target"
"266",12782,"0h","rep2","ENSG00000105193","RPS16","rna",1564,"non-target"
"267",23516,"0h","rep3","ENSG00000105193","RPS16","rna",1640,"non-target"
"268",34250,"14h","rep1","ENSG00000105193","RPS16","rna",1270,"non-target"
"269",44984,"14h","rep2","ENSG00000105193","RPS16","rna",1277,"non-target"
"270",55718,"14h","rep3","ENSG00000105193","RPS16","rna",1481,"non-target"
"271",66452,"4h","rep1","ENSG00000105193","RPS16","rna",1493,"non-target"
"272",77186,"4h","rep2","ENSG00000105193","RPS16","rna",2156,"non-target"
"273",87920,"4h","rep3","ENSG00000105193","RPS16","rna",1491,"non-target"
"274",98654,"8h","rep1","ENSG00000105193","RPS16","rna",1811,"non-target"
"275",109388,"8h","rep2","ENSG00000105193","RPS16","rna",1481,"non-target"
"276",120122,"8h","rep3","ENSG00000105193","RPS16","rna",1734,"non-target"
"277",8820,"0h","rep1","ENSG00000182774","RPS17","rna",3477,"non-target"
"278",19554,"0h","rep2","ENSG00000182774","RPS17","rna",3694,"non-target"
"279",30288,"0h","rep3","ENSG00000182774","RPS17","rna",3401,"non-target"
"280",41022,"14h","rep1","ENSG00000182774","RPS17","rna",3423,"non-target"
"281",51756,"14h","rep2","ENSG00000182774","RPS17","rna",2611,"non-target"
"282",62490,"14h","rep3","ENSG00000182774","RPS17","rna",3640,"non-target"
"283",73224,"4h","rep1","ENSG00000182774","RPS17","rna",3414,"non-target"
"284",83958,"4h","rep2","ENSG00000182774","RPS17","rna",3637,"non-target"
"285",94692,"4h","rep3","ENSG00000182774","RPS17","rna",3723,"non-target"
"286",105426,"8h","rep1","ENSG00000182774","RPS17","rna",4202,"non-target"
"287",116160,"8h","rep2","ENSG00000182774","RPS17","rna",4782,"non-target"
"288",126894,"8h","rep3","ENSG00000182774","RPS17","rna",3978,"non-target"
"289",2073,"0h","rep1","ENSG00000105372","RPS19","rna",2482,"non-target"
"290",12807,"0h","rep2","ENSG00000105372","RPS19","rna",3009,"non-target"
"291",23541,"0h","rep3","ENSG00000105372","RPS19","rna",2766,"non-target"
"292",34275,"14h","rep1","ENSG00000105372","RPS19","rna",1973,"non-target"
"293",45009,"14h","rep2","ENSG00000105372","RPS19","rna",1996,"non-target"
"294",55743,"14h","rep3","ENSG00000105372","RPS19","rna",2708,"non-target"
"295",66477,"4h","rep1","ENSG00000105372","RPS19","rna",2897,"non-target"
"296",77211,"4h","rep2","ENSG00000105372","RPS19","rna",2746,"non-target"
"297",87945,"4h","rep3","ENSG00000105372","RPS19","rna",2520,"non-target"
"298",98679,"8h","rep1","ENSG00000105372","RPS19","rna",3160,"non-target"
"299",109413,"8h","rep2","ENSG00000105372","RPS19","rna",3473,"non-target"
"300",120147,"8h","rep3","ENSG00000105372","RPS19","rna",2837,"non-target"
"301",7984,"0h","rep1","ENSG00000171858","RPS21","rna",533,"non-target"
"302",18718,"0h","rep2","ENSG00000171858","RPS21","rna",673,"non-target"
"303",29452,"0h","rep3","ENSG00000171858","RPS21","rna",620,"non-target"
"304",40186,"14h","rep1","ENSG00000171858","RPS21","rna",515,"non-target"
"305",50920,"14h","rep2","ENSG00000171858","RPS21","rna",427,"non-target"
"306",61654,"14h","rep3","ENSG00000171858","RPS21","rna",623,"non-target"
"307",72388,"4h","rep1","ENSG00000171858","RPS21","rna",632,"non-target"
"308",83122,"4h","rep2","ENSG00000171858","RPS21","rna",654,"non-target"
"309",93856,"4h","rep3","ENSG00000171858","RPS21","rna",641,"non-target"
"310",104590,"8h","rep1","ENSG00000171858","RPS21","rna",768,"non-target"
"311",115324,"8h","rep2","ENSG00000171858","RPS21","rna",758,"non-target"
"312",126058,"8h","rep3","ENSG00000171858","RPS21","rna",729,"non-target"
"313",4960,"0h","rep1","ENSG00000138326","RPS24","rna",1,"non-target"
"314",15694,"0h","rep2","ENSG00000138326","RPS24","rna",1,"non-target"
"315",26428,"0h","rep3","ENSG00000138326","RPS24","rna",3,"non-target"
"316",37162,"14h","rep1","ENSG00000138326","RPS24","rna",5,"non-target"
"317",47896,"14h","rep2","ENSG00000138326","RPS24","rna",3,"non-target"
"318",58630,"14h","rep3","ENSG00000138326","RPS24","rna",5,"non-target"
"319",69364,"4h","rep1","ENSG00000138326","RPS24","rna",1,"non-target"
"320",80098,"4h","rep2","ENSG00000138326","RPS24","rna",3,"non-target"
"321",90832,"4h","rep3","ENSG00000138326","RPS24","rna",4,"non-target"
"322",101566,"8h","rep1","ENSG00000138326","RPS24","rna",0,"non-target"
"323",112300,"8h","rep2","ENSG00000138326","RPS24","rna",0,"non-target"
"324",123034,"8h","rep3","ENSG00000138326","RPS24","rna",2,"non-target"
"325",9542,"0h","rep1","ENSG00000197728","RPS26","rna",5,"non-target"
"326",20276,"0h","rep2","ENSG00000197728","RPS26","rna",3,"non-target"
"327",31010,"0h","rep3","ENSG00000197728","RPS26","rna",3,"non-target"
"328",41744,"14h","rep1","ENSG00000197728","RPS26","rna",2,"non-target"
"329",52478,"14h","rep2","ENSG00000197728","RPS26","rna",2,"non-target"
"330",63212,"14h","rep3","ENSG00000197728","RPS26","rna",1,"non-target"
"331",73946,"4h","rep1","ENSG00000197728","RPS26","rna",1,"non-target"
"332",84680,"4h","rep2","ENSG00000197728","RPS26","rna",0,"non-target"
"333",95414,"4h","rep3","ENSG00000197728","RPS26","rna",2,"non-target"
"334",106148,"8h","rep1","ENSG00000197728","RPS26","rna",1,"non-target"
"335",116882,"8h","rep2","ENSG00000197728","RPS26","rna",4,"non-target"
"336",127616,"8h","rep3","ENSG00000197728","RPS26","rna",6,"non-target"
"337",9012,"0h","rep1","ENSG00000185088","RPS27L","rna",420,"non-target"
"338",19746,"0h","rep2","ENSG00000185088","RPS27L","rna",455,"non-target"
"339",30480,"0h","rep3","ENSG00000185088","RPS27L","rna",427,"non-target"
"340",41214,"14h","rep1","ENSG00000185088","RPS27L","rna",362,"non-target"
"341",51948,"14h","rep2","ENSG00000185088","RPS27L","rna",279,"non-target"
"342",62682,"14h","rep3","ENSG00000185088","RPS27L","rna",357,"non-target"
"343",73416,"4h","rep1","ENSG00000185088","RPS27L","rna",412,"non-target"
"344",84150,"4h","rep2","ENSG00000185088","RPS27L","rna",398,"non-target"
"345",94884,"4h","rep3","ENSG00000185088","RPS27L","rna",426,"non-target"
"346",105618,"8h","rep1","ENSG00000185088","RPS27L","rna",410,"non-target"
"347",116352,"8h","rep2","ENSG00000185088","RPS27L","rna",503,"non-target"
"348",127086,"8h","rep3","ENSG00000185088","RPS27L","rna",424,"non-target"
"349",5885,"0h","rep1","ENSG00000149273","RPS3","rna",2680,"non-target"
"350",16619,"0h","rep2","ENSG00000149273","RPS3","rna",3275,"non-target"
"351",27353,"0h","rep3","ENSG00000149273","RPS3","rna",3089,"non-target"
"352",38087,"14h","rep1","ENSG00000149273","RPS3","rna",3350,"non-target"
"353",48821,"14h","rep2","ENSG00000149273","RPS3","rna",3229,"non-target"
"354",59555,"14h","rep3","ENSG00000149273","RPS3","rna",3637,"non-target"
"355",70289,"4h","rep1","ENSG00000149273","RPS3","rna",2990,"non-target"
"356",81023,"4h","rep2","ENSG00000149273","RPS3","rna",3484,"non-target"
"357",91757,"4h","rep3","ENSG00000149273","RPS3","rna",2824,"non-target"
"358",102491,"8h","rep1","ENSG00000149273","RPS3","rna",3787,"non-target"
"359",113225,"8h","rep2","ENSG00000149273","RPS3","rna",4020,"non-target"
"360",123959,"8h","rep3","ENSG00000149273","RPS3","rna",3638,"non-target"
"361",9582,"0h","rep1","ENSG00000198034","RPS4X","rna",5303,"non-target"
"362",20316,"0h","rep2","ENSG00000198034","RPS4X","rna",5991,"non-target"
"363",31050,"0h","rep3","ENSG00000198034","RPS4X","rna",5431,"non-target"
"364",41784,"14h","rep1","ENSG00000198034","RPS4X","rna",7212,"non-target"
"365",52518,"14h","rep2","ENSG00000198034","RPS4X","rna",5662,"non-target"
"366",63252,"14h","rep3","ENSG00000198034","RPS4X","rna",6458,"non-target"
"367",73986,"4h","rep1","ENSG00000198034","RPS4X","rna",5675,"non-target"
"368",84720,"4h","rep2","ENSG00000198034","RPS4X","rna",5715,"non-target"
"369",95454,"4h","rep3","ENSG00000198034","RPS4X","rna",5620,"non-target"
"370",106188,"8h","rep1","ENSG00000198034","RPS4X","rna",6642,"non-target"
"371",116922,"8h","rep2","ENSG00000198034","RPS4X","rna",7785,"non-target"
"372",127656,"8h","rep3","ENSG00000198034","RPS4X","rna",6809,"non-target"
"373",1093,"0h","rep1","ENSG00000083845","RPS5","rna",2081,"non-target"
"374",11827,"0h","rep2","ENSG00000083845","RPS5","rna",2744,"non-target"
"375",22561,"0h","rep3","ENSG00000083845","RPS5","rna",2773,"non-target"
"376",33295,"14h","rep1","ENSG00000083845","RPS5","rna",1938,"non-target"
"377",44029,"14h","rep2","ENSG00000083845","RPS5","rna",1980,"non-target"
"378",54763,"14h","rep3","ENSG00000083845","RPS5","rna",2503,"non-target"
"379",65497,"4h","rep1","ENSG00000083845","RPS5","rna",2553,"non-target"
"380",76231,"4h","rep2","ENSG00000083845","RPS5","rna",2565,"non-target"
"381",86965,"4h","rep3","ENSG00000083845","RPS5","rna",2497,"non-target"
"382",97699,"8h","rep1","ENSG00000083845","RPS5","rna",2887,"non-target"
"383",108433,"8h","rep2","ENSG00000083845","RPS5","rna",3199,"non-target"
"384",119167,"8h","rep3","ENSG00000083845","RPS5","rna",2817,"non-target"
"385",4822,"0h","rep1","ENSG00000137154","RPS6","rna",4893,"non-target"
"386",15556,"0h","rep2","ENSG00000137154","RPS6","rna",5423,"non-target"
"387",26290,"0h","rep3","ENSG00000137154","RPS6","rna",5029,"non-target"
"388",37024,"14h","rep1","ENSG00000137154","RPS6","rna",5656,"non-target"
"389",47758,"14h","rep2","ENSG00000137154","RPS6","rna",4435,"non-target"
"390",58492,"14h","rep3","ENSG00000137154","RPS6","rna",5015,"non-target"
"391",69226,"4h","rep1","ENSG00000137154","RPS6","rna",5153,"non-target"
"392",79960,"4h","rep2","ENSG00000137154","RPS6","rna",4999,"non-target"
"393",90694,"4h","rep3","ENSG00000137154","RPS6","rna",4455,"non-target"
"394",101428,"8h","rep1","ENSG00000137154","RPS6","rna",5322,"non-target"
"395",112162,"8h","rep2","ENSG00000137154","RPS6","rna",6409,"non-target"
"396",122896,"8h","rep3","ENSG00000137154","RPS6","rna",5433,"non-target"
"397",3936,"0h","rep1","ENSG00000128250","RFPL1","rna",2,"target"
"398",14670,"0h","rep2","ENSG00000128250","RFPL1","rna",1,"target"
"399",25404,"0h","rep3","ENSG00000128250","RFPL1","rna",1,"target"
"400",36138,"14h","rep1","ENSG00000128250","RFPL1","rna",2605,"target"
"401",46872,"14h","rep2","ENSG00000128250","RFPL1","rna",2450,"target"
"402",57606,"14h","rep3","ENSG00000128250","RFPL1","rna",2634,"target"
"403",68340,"4h","rep1","ENSG00000128250","RFPL1","rna",68,"target"
"404",79074,"4h","rep2","ENSG00000128250","RFPL1","rna",73,"target"
"405",89808,"4h","rep3","ENSG00000128250","RFPL1","rna",57,"target"
"406",100542,"8h","rep1","ENSG00000128250","RFPL1","rna",1541,"target"
"407",111276,"8h","rep2","ENSG00000128250","RFPL1","rna",1774,"target"
"408",122010,"8h","rep3","ENSG00000128250","RFPL1","rna",1637,"target"
"409",10280,"0h","rep1","ENSG00000251258","RFPL4B","rna",77,"target"
"410",21014,"0h","rep2","ENSG00000251258","RFPL4B","rna",94,"target"
"411",31748,"0h","rep3","ENSG00000251258","RFPL4B","rna",75,"target"
"412",42482,"14h","rep1","ENSG00000251258","RFPL4B","rna",9076,"target"
"413",53216,"14h","rep2","ENSG00000251258","RFPL4B","rna",8354,"target"
"414",63950,"14h","rep3","ENSG00000251258","RFPL4B","rna",8786,"target"
"415",74684,"4h","rep1","ENSG00000251258","RFPL4B","rna",1484,"target"
"416",85418,"4h","rep2","ENSG00000251258","RFPL4B","rna",1516,"target"
"417",96152,"4h","rep3","ENSG00000251258","RFPL4B","rna",1391,"target"
"418",106886,"8h","rep1","ENSG00000251258","RFPL4B","rna",7374,"target"
"419",117620,"8h","rep2","ENSG00000251258","RFPL4B","rna",8594,"target"
"420",128354,"8h","rep3","ENSG00000251258","RFPL4B","rna",7955,"target"
"421",8670,"0h","rep1","ENSG00000180532","ZSCAN4","rna",121,"target"
"422",19404,"0h","rep2","ENSG00000180532","ZSCAN4","rna",159,"target"
"423",30138,"0h","rep3","ENSG00000180532","ZSCAN4","rna",132,"target"
"424",40872,"14h","rep1","ENSG00000180532","ZSCAN4","rna",11168,"target"
"425",51606,"14h","rep2","ENSG00000180532","ZSCAN4","rna",8771,"target"
"426",62340,"14h","rep3","ENSG00000180532","ZSCAN4","rna",9215,"target"
"427",73074,"4h","rep1","ENSG00000180532","ZSCAN4","rna",6178,"target"
"428",83808,"4h","rep2","ENSG00000180532","ZSCAN4","rna",5986,"target"
"429",94542,"4h","rep3","ENSG00000180532","ZSCAN4","rna",5679,"target"
"430",105276,"8h","rep1","ENSG00000180532","ZSCAN4","rna",12749,"target"
"431",116010,"8h","rep2","ENSG00000180532","ZSCAN4","rna",13581,"target"
"432",126744,"8h","rep3","ENSG00000180532","ZSCAN4","rna",13151,"target"
"433",3086,"0h","rep1","ENSG00000116726","PRAMEF12","rna",26,"target"
"434",13820,"0h","rep2","ENSG00000116726","PRAMEF12","rna",41,"target"
"435",24554,"0h","rep3","ENSG00000116726","PRAMEF12","rna",30,"target"
"436",35288,"14h","rep1","ENSG00000116726","PRAMEF12","rna",11377,"target"
"437",46022,"14h","rep2","ENSG00000116726","PRAMEF12","rna",11924,"target"
"438",56756,"14h","rep3","ENSG00000116726","PRAMEF12","rna",13027,"target"
"439",67490,"4h","rep1","ENSG00000116726","PRAMEF12","rna",251,"target"
"440",78224,"4h","rep2","ENSG00000116726","PRAMEF12","rna",288,"target"
"441",88958,"4h","rep3","ENSG00000116726","PRAMEF12","rna",246,"target"
"442",99692,"8h","rep1","ENSG00000116726","PRAMEF12","rna",4746,"target"
"443",110426,"8h","rep2","ENSG00000116726","PRAMEF12","rna",5181,"target"
"444",121160,"8h","rep3","ENSG00000116726","PRAMEF12","rna",4872,"target"
"445",4360,"0h","rep1","ENSG00000133101","CCNA1","rna",65.01,"target"
"446",15094,"0h","rep2","ENSG00000133101","CCNA1","rna",53,"target"
"447",25828,"0h","rep3","ENSG00000133101","CCNA1","rna",52,"target"
"448",36562,"14h","rep1","ENSG00000133101","CCNA1","rna",8321.88,"target"
"449",47296,"14h","rep2","ENSG00000133101","CCNA1","rna",7261.9,"target"
"450",58030,"14h","rep3","ENSG00000133101","CCNA1","rna",7479.9,"target"
"451",68764,"4h","rep1","ENSG00000133101","CCNA1","rna",78,"target"
"452",79498,"4h","rep2","ENSG00000133101","CCNA1","rna",84.99,"target"
"453",90232,"4h","rep3","ENSG00000133101","CCNA1","rna",93.01,"target"
"454",100966,"8h","rep1","ENSG00000133101","CCNA1","rna",3927.94,"target"
"455",111700,"8h","rep2","ENSG00000133101","CCNA1","rna",4761.92,"target"
"456",122434,"8h","rep3","ENSG00000133101","CCNA1","rna",4861.93,"target"
"457",9701,"0h","rep1","ENSG00000198805","PNP","rna",444,"target"
"458",20435,"0h","rep2","ENSG00000198805","PNP","rna",537,"target"
"459",31169,"0h","rep3","ENSG00000198805","PNP","rna",443,"target"
"460",41903,"14h","rep1","ENSG00000198805","PNP","rna",3821,"target"
"461",52637,"14h","rep2","ENSG00000198805","PNP","rna",3359,"target"
"462",63371,"14h","rep3","ENSG00000198805","PNP","rna",4180,"target"
"463",74105,"4h","rep1","ENSG00000198805","PNP","rna",1283,"target"
"464",84839,"4h","rep2","ENSG00000198805","PNP","rna",1348,"target"
"465",95573,"4h","rep3","ENSG00000198805","PNP","rna",1241,"target"
"466",106307,"8h","rep1","ENSG00000198805","PNP","rna",2635,"target"
"467",117041,"8h","rep2","ENSG00000198805","PNP","rna",3041,"target"
"468",127775,"8h","rep3","ENSG00000198805","PNP","rna",2941,"target"
"469",7863,"0h","rep1","ENSG00000170684","ZNF296","rna",4,"target"
"470",18597,"0h","rep2","ENSG00000170684","ZNF296","rna",1,"target"
"471",29331,"0h","rep3","ENSG00000170684","ZNF296","rna",3,"target"
"472",40065,"14h","rep1","ENSG00000170684","ZNF296","rna",28,"target"
"473",50799,"14h","rep2","ENSG00000170684","ZNF296","rna",19,"target"
"474",61533,"14h","rep3","ENSG00000170684","ZNF296","rna",21,"target"
"475",72267,"4h","rep1","ENSG00000170684","ZNF296","rna",14,"target"
"476",83001,"4h","rep2","ENSG00000170684","ZNF296","rna",18,"target"
"477",93735,"4h","rep3","ENSG00000170684","ZNF296","rna",12,"target"
"478",104469,"8h","rep1","ENSG00000170684","ZNF296","rna",23,"target"
"479",115203,"8h","rep2","ENSG00000170684","ZNF296","rna",32,"target"
"480",125937,"8h","rep3","ENSG00000170684","ZNF296","rna",31,"target"
"481",7992,"0h","rep1","ENSG00000171940","ZNF217","rna",202,"target"
"482",18726,"0h","rep2","ENSG00000171940","ZNF217","rna",293,"target"
"483",29460,"0h","rep3","ENSG00000171940","ZNF217","rna",257,"target"
"484",40194,"14h","rep1","ENSG00000171940","ZNF217","rna",4806,"target"
"485",50928,"14h","rep2","ENSG00000171940","ZNF217","rna",4112,"target"
"486",61662,"14h","rep3","ENSG00000171940","ZNF217","rna",4656,"target"
"487",72396,"4h","rep1","ENSG00000171940","ZNF217","rna",2415,"target"
"488",83130,"4h","rep2","ENSG00000171940","ZNF217","rna",2497,"target"
"489",93864,"4h","rep3","ENSG00000171940","ZNF217","rna",2329,"target"
"490",104598,"8h","rep1","ENSG00000171940","ZNF217","rna",4412,"target"
"491",115332,"8h","rep2","ENSG00000171940","ZNF217","rna",4290,"target"
"492",126066,"8h","rep3","ENSG00000171940","ZNF217","rna",4452,"target"
"493",837,"0h","rep1","ENSG00000073150","PANX2","rna",1,"target"
"494",11571,"0h","rep2","ENSG00000073150","PANX2","rna",0,"target"
"495",22305,"0h","rep3","ENSG00000073150","PANX2","rna",3,"target"
"496",33039,"14h","rep1","ENSG00000073150","PANX2","rna",33,"target"
"497",43773,"14h","rep2","ENSG00000073150","PANX2","rna",38,"target"
"498",54507,"14h","rep3","ENSG00000073150","PANX2","rna",28,"target"
"499",65241,"4h","rep1","ENSG00000073150","PANX2","rna",7,"target"
"500",75975,"4h","rep2","ENSG00000073150","PANX2","rna",10,"target"
"501",86709,"4h","rep3","ENSG00000073150","PANX2","rna",18,"target"
"502",97443,"8h","rep1","ENSG00000073150","PANX2","rna",34,"target"
"503",108177,"8h","rep2","ENSG00000073150","PANX2","rna",37,"target"
"504",118911,"8h","rep3","ENSG00000073150","PANX2","rna",35,"target"
"505",9373,"0h","rep1","ENSG00000196470","SIAH1","rna",59.01,"target"
"506",20107,"0h","rep2","ENSG00000196470","SIAH1","rna",63,"target"
"507",30841,"0h","rep3","ENSG00000196470","SIAH1","rna",68.01,"target"
"508",41575,"14h","rep1","ENSG00000196470","SIAH1","rna",2671.97,"target"
"509",52309,"14h","rep2","ENSG00000196470","SIAH1","rna",2186.97,"target"
"510",63043,"14h","rep3","ENSG00000196470","SIAH1","rna",2517.95,"target"
"511",73777,"4h","rep1","ENSG00000196470","SIAH1","rna",625.98,"target"
"512",84511,"4h","rep2","ENSG00000196470","SIAH1","rna",601.99,"target"
"513",95245,"4h","rep3","ENSG00000196470","SIAH1","rna",639,"target"
"514",105979,"8h","rep1","ENSG00000196470","SIAH1","rna",5569.92,"target"
"515",116713,"8h","rep2","ENSG00000196470","SIAH1","rna",6244.91,"target"
"516",127447,"8h","rep3","ENSG00000196470","SIAH1","rna",5632.9,"target"
"517",2576,"0h","rep1","ENSG00000111215","PRR4","rna",4,"target"
"518",13310,"0h","rep2","ENSG00000111215","PRR4","rna",2.67,"target"
"519",24044,"0h","rep3","ENSG00000111215","PRR4","rna",5.5,"target"
"520",34778,"14h","rep1","ENSG00000111215","PRR4","rna",41.5,"target"
"521",45512,"14h","rep2","ENSG00000111215","PRR4","rna",46.33,"target"
"522",56246,"14h","rep3","ENSG00000111215","PRR4","rna",44.33,"target"
"523",66980,"4h","rep1","ENSG00000111215","PRR4","rna",7.83,"target"
"524",77714,"4h","rep2","ENSG00000111215","PRR4","rna",7.33,"target"
"525",88448,"4h","rep3","ENSG00000111215","PRR4","rna",6.83,"target"
"526",99182,"8h","rep1","ENSG00000111215","PRR4","rna",15.33,"target"
"527",109916,"8h","rep2","ENSG00000111215","PRR4","rna",12.17,"target"
"528",120650,"8h","rep3","ENSG00000111215","PRR4","rna",15.33,"target"
"529",4954,"0h","rep1","ENSG00000138231","DBR1","rna",63,"target"
"530",15688,"0h","rep2","ENSG00000138231","DBR1","rna",78,"target"
"531",26422,"0h","rep3","ENSG00000138231","DBR1","rna",73,"target"
"532",37156,"14h","rep1","ENSG00000138231","DBR1","rna",1330,"target"
"533",47890,"14h","rep2","ENSG00000138231","DBR1","rna",923,"target"
"534",58624,"14h","rep3","ENSG00000138231","DBR1","rna",1207,"target"
"535",69358,"4h","rep1","ENSG00000138231","DBR1","rna",347,"target"
"536",80092,"4h","rep2","ENSG00000138231","DBR1","rna",325,"target"
"537",90826,"4h","rep3","ENSG00000138231","DBR1","rna",272,"target"
"538",101560,"8h","rep1","ENSG00000138231","DBR1","rna",835,"target"
"539",112294,"8h","rep2","ENSG00000138231","DBR1","rna",833,"target"
"540",123028,"8h","rep3","ENSG00000138231","DBR1","rna",834,"target"
"541",8597,"0h","rep1","ENSG00000179119","SPTY2D1","rna",124,"target"
"542",19331,"0h","rep2","ENSG00000179119","SPTY2D1","rna",124,"target"
"543",30065,"0h","rep3","ENSG00000179119","SPTY2D1","rna",122,"target"
"544",40799,"14h","rep1","ENSG00000179119","SPTY2D1","rna",553,"target"
"545",51533,"14h","rep2","ENSG00000179119","SPTY2D1","rna",496,"target"
"546",62267,"14h","rep3","ENSG00000179119","SPTY2D1","rna",498,"target"
"547",73001,"4h","rep1","ENSG00000179119","SPTY2D1","rna",388,"target"
"548",83735,"4h","rep2","ENSG00000179119","SPTY2D1","rna",396,"target"
"549",94469,"4h","rep3","ENSG00000179119","SPTY2D1","rna",356,"target"
"550",105203,"8h","rep1","ENSG00000179119","SPTY2D1","rna",564,"target"
"551",115937,"8h","rep2","ENSG00000179119","SPTY2D1","rna",612,"target"
"552",126671,"8h","rep3","ENSG00000179119","SPTY2D1","rna",593,"target"
"553",7196,"0h","rep1","ENSG00000165355","FBXO33","rna",44,"target"
"554",17930,"0h","rep2","ENSG00000165355","FBXO33","rna",32,"target"
"555",28664,"0h","rep3","ENSG00000165355","FBXO33","rna",36,"target"
"556",39398,"14h","rep1","ENSG00000165355","FBXO33","rna",323,"target"
"557",50132,"14h","rep2","ENSG00000165355","FBXO33","rna",206,"target"
"558",60866,"14h","rep3","ENSG00000165355","FBXO33","rna",316,"target"
"559",71600,"4h","rep1","ENSG00000165355","FBXO33","rna",37,"target"
"560",82334,"4h","rep2","ENSG00000165355","FBXO33","rna",65,"target"
"561",93068,"4h","rep3","ENSG00000165355","FBXO33","rna",58,"target"
"562",103802,"8h","rep1","ENSG00000165355","FBXO33","rna",245,"target"
"563",114536,"8h","rep2","ENSG00000165355","FBXO33","rna",215,"target"
"564",125270,"8h","rep3","ENSG00000165355","FBXO33","rna",197,"target"
"565",3743,"0h","rep1","ENSG00000125651","GTF2F1","rna",235,"target"
"566",14477,"0h","rep2","ENSG00000125651","GTF2F1","rna",322,"target"
"567",25211,"0h","rep3","ENSG00000125651","GTF2F1","rna",243,"target"
"568",35945,"14h","rep1","ENSG00000125651","GTF2F1","rna",2566,"target"
"569",46679,"14h","rep2","ENSG00000125651","GTF2F1","rna",2542,"target"
"570",57413,"14h","rep3","ENSG00000125651","GTF2F1","rna",3568,"target"
"571",68147,"4h","rep1","ENSG00000125651","GTF2F1","rna",935,"target"
"572",78881,"4h","rep2","ENSG00000125651","GTF2F1","rna",717,"target"
"573",89615,"4h","rep3","ENSG00000125651","GTF2F1","rna",927,"target"
"574",100349,"8h","rep1","ENSG00000125651","GTF2F1","rna",3747,"target"
"575",111083,"8h","rep2","ENSG00000125651","GTF2F1","rna",3734,"target"
"576",121817,"8h","rep3","ENSG00000125651","GTF2F1","rna",3714,"target"
"577",8168,"0h","rep1","ENSG00000173801","JUP","rna",26,"target"
"578",18902,"0h","rep2","ENSG00000173801","JUP","rna",37,"target"
"579",29636,"0h","rep3","ENSG00000173801","JUP","rna",31,"target"
"580",40370,"14h","rep1","ENSG00000173801","JUP","rna",42,"target"
"581",51104,"14h","rep2","ENSG00000173801","JUP","rna",48,"target"
"582",61838,"14h","rep3","ENSG00000173801","JUP","rna",56,"target"
"583",72572,"4h","rep1","ENSG00000173801","JUP","rna",46,"target"
"584",83306,"4h","rep2","ENSG00000173801","JUP","rna",48,"target"
"585",94040,"4h","rep3","ENSG00000173801","JUP","rna",24,"target"
"586",104774,"8h","rep1","ENSG00000173801","JUP","rna",60,"target"
"587",115508,"8h","rep2","ENSG00000173801","JUP","rna",59,"target"
"588",126242,"8h","rep3","ENSG00000173801","JUP","rna",64,"target"
"589",1482,"0h","rep1","ENSG00000100109","TFIP11","rna",162,"target"
"590",12216,"0h","rep2","ENSG00000100109","TFIP11","rna",199,"target"
"591",22950,"0h","rep3","ENSG00000100109","TFIP11","rna",177,"target"
"592",33684,"14h","rep1","ENSG00000100109","TFIP11","rna",1429,"target"
"593",44418,"14h","rep2","ENSG00000100109","TFIP11","rna",1454,"target"
"594",55152,"14h","rep3","ENSG00000100109","TFIP11","rna",1723.99,"target"
"595",65886,"4h","rep1","ENSG00000100109","TFIP11","rna",210,"target"
"596",76620,"4h","rep2","ENSG00000100109","TFIP11","rna",172,"target"
"597",87354,"4h","rep3","ENSG00000100109","TFIP11","rna",163,"target"
"598",98088,"8h","rep1","ENSG00000100109","TFIP11","rna",995,"target"
"599",108822,"8h","rep2","ENSG00000100109","TFIP11","rna",1028,"target"
"600",119556,"8h","rep3","ENSG00000100109","TFIP11","rna",1150,"target"
"601",6532,"0h","rep1","ENSG00000159261","CLDN14","rna",0,"target"
"602",17266,"0h","rep2","ENSG00000159261","CLDN14","rna",0,"target"
"603",28000,"0h","rep3","ENSG00000159261","CLDN14","rna",1,"target"
"604",38734,"14h","rep1","ENSG00000159261","CLDN14","rna",17,"target"
"605",49468,"14h","rep2","ENSG00000159261","CLDN14","rna",21,"target"
"606",60202,"14h","rep3","ENSG00000159261","CLDN14","rna",31,"target"
"607",70936,"4h","rep1","ENSG00000159261","CLDN14","rna",20,"target"
"608",81670,"4h","rep2","ENSG00000159261","CLDN14","rna",9,"target"
"609",92404,"4h","rep3","ENSG00000159261","CLDN14","rna",15,"target"
"610",103138,"8h","rep1","ENSG00000159261","CLDN14","rna",37,"target"
"611",113872,"8h","rep2","ENSG00000159261","CLDN14","rna",47,"target"
"612",124606,"8h","rep3","ENSG00000159261","CLDN14","rna",43,"target"
"613",3632,"0h","rep1","ENSG00000124207","CSE1L","rna",1175,"target"
"614",14366,"0h","rep2","ENSG00000124207","CSE1L","rna",1230,"target"
"615",25100,"0h","rep3","ENSG00000124207","CSE1L","rna",1081,"target"
"616",35834,"14h","rep1","ENSG00000124207","CSE1L","rna",1134,"target"
"617",46568,"14h","rep2","ENSG00000124207","CSE1L","rna",757,"target"
"618",57302,"14h","rep3","ENSG00000124207","CSE1L","rna",859,"target"
"619",68036,"4h","rep1","ENSG00000124207","CSE1L","rna",1243,"target"
"620",78770,"4h","rep2","ENSG00000124207","CSE1L","rna",1180,"target"
"621",89504,"4h","rep3","ENSG00000124207","CSE1L","rna",1122,"target"
"622",100238,"8h","rep1","ENSG00000124207","CSE1L","rna",1094,"target"
"623",110972,"8h","rep2","ENSG00000124207","CSE1L","rna",1105,"target"
"624",121706,"8h","rep3","ENSG00000124207","CSE1L","rna",1012,"target"
"625",9491,"0h","rep1","ENSG00000197329","PELI1","rna",23,"target"
"626",20225,"0h","rep2","ENSG00000197329","PELI1","rna",26,"target"
"627",30959,"0h","rep3","ENSG00000197329","PELI1","rna",25,"target"
"628",41693,"14h","rep1","ENSG00000197329","PELI1","rna",773,"target"
"629",52427,"14h","rep2","ENSG00000197329","PELI1","rna",549,"target"
"630",63161,"14h","rep3","ENSG00000197329","PELI1","rna",616,"target"
"631",73895,"4h","rep1","ENSG00000197329","PELI1","rna",69,"target"
"632",84629,"4h","rep2","ENSG00000197329","PELI1","rna",66,"target"
"633",95363,"4h","rep3","ENSG00000197329","PELI1","rna",62,"target"
"634",106097,"8h","rep1","ENSG00000197329","PELI1","rna",348,"target"
"635",116831,"8h","rep2","ENSG00000197329","PELI1","rna",398,"target"
"636",127565,"8h","rep3","ENSG00000197329","PELI1","rna",379,"target"
"637",4704,"0h","rep1","ENSG00000136261","BZW2","rna",154,"target"
"638",15438,"0h","rep2","ENSG00000136261","BZW2","rna",172,"target"
"639",26172,"0h","rep3","ENSG00000136261","BZW2","rna",156,"target"
"640",36906,"14h","rep1","ENSG00000136261","BZW2","rna",1228,"target"
"641",47640,"14h","rep2","ENSG00000136261","BZW2","rna",979,"target"
"642",58374,"14h","rep3","ENSG00000136261","BZW2","rna",1127,"target"
"643",69108,"4h","rep1","ENSG00000136261","BZW2","rna",205,"target"
"644",79842,"4h","rep2","ENSG00000136261","BZW2","rna",200,"target"
"645",90576,"4h","rep3","ENSG00000136261","BZW2","rna",186,"target"
"646",101310,"8h","rep1","ENSG00000136261","BZW2","rna",535,"target"
"647",112044,"8h","rep2","ENSG00000136261","BZW2","rna",597,"target"
"648",122778,"8h","rep3","ENSG00000136261","BZW2","rna",513,"target"
"649",2269,"0h","rep1","ENSG00000107443","CCNJ","rna",29.01,"target"
"650",13003,"0h","rep2","ENSG00000107443","CCNJ","rna",23.01,"target"
"651",23737,"0h","rep3","ENSG00000107443","CCNJ","rna",18.99,"target"
"652",34471,"14h","rep1","ENSG00000107443","CCNJ","rna",195,"target"
"653",45205,"14h","rep2","ENSG00000107443","CCNJ","rna",140.01,"target"
"654",55939,"14h","rep3","ENSG00000107443","CCNJ","rna",162,"target"
"655",66673,"4h","rep1","ENSG00000107443","CCNJ","rna",56.01,"target"
"656",77407,"4h","rep2","ENSG00000107443","CCNJ","rna",39,"target"
"657",88141,"4h","rep3","ENSG00000107443","CCNJ","rna",24.99,"target"
"658",98875,"8h","rep1","ENSG00000107443","CCNJ","rna",168,"target"
"659",109609,"8h","rep2","ENSG00000107443","CCNJ","rna",180,"target"
"660",120343,"8h","rep3","ENSG00000107443","CCNJ","rna",168,"target"
"661",8346,"0h","rep1","ENSG00000175984","DENND2C","rna",84,"target"
"662",19080,"0h","rep2","ENSG00000175984","DENND2C","rna",75,"target"
"663",29814,"0h","rep3","ENSG00000175984","DENND2C","rna",76,"target"
"664",40548,"14h","rep1","ENSG00000175984","DENND2C","rna",142,"target"
"665",51282,"14h","rep2","ENSG00000175984","DENND2C","rna",85,"target"
"666",62016,"14h","rep3","ENSG00000175984","DENND2C","rna",112,"target"
"667",72750,"4h","rep1","ENSG00000175984","DENND2C","rna",249,"target"
"668",83484,"4h","rep2","ENSG00000175984","DENND2C","rna",205,"target"
"669",94218,"4h","rep3","ENSG00000175984","DENND2C","rna",230,"target"
"670",104952,"8h","rep1","ENSG00000175984","DENND2C","rna",149,"target"
"671",115686,"8h","rep2","ENSG00000175984","DENND2C","rna",177,"target"
"672",126420,"8h","rep3","ENSG00000175984","DENND2C","rna",149.99,"target"
"673",1624,"0h","rep1","ENSG00000100836","PABPN1","rna",111.5,"target"
"674",12358,"0h","rep2","ENSG00000100836","PABPN1","rna",138.5,"target"
"675",23092,"0h","rep3","ENSG00000100836","PABPN1","rna",124.5,"target"
"676",33826,"14h","rep1","ENSG00000100836","PABPN1","rna",1257.67,"target"
"677",44560,"14h","rep2","ENSG00000100836","PABPN1","rna",1090.5,"target"
"678",55294,"14h","rep3","ENSG00000100836","PABPN1","rna",1278.5,"target"
"679",66028,"4h","rep1","ENSG00000100836","PABPN1","rna",141,"target"
"680",76762,"4h","rep2","ENSG00000100836","PABPN1","rna",118,"target"
"681",87496,"4h","rep3","ENSG00000100836","PABPN1","rna",126.5,"target"
"682",98230,"8h","rep1","ENSG00000100836","PABPN1","rna",717.5,"target"
"683",108964,"8h","rep2","ENSG00000100836","PABPN1","rna",913,"target"
"684",119698,"8h","rep3","ENSG00000100836","PABPN1","rna",820,"target"
"685",1174,"0h","rep1","ENSG00000087087","SRRT","rna",429,"target"
"686",11908,"0h","rep2","ENSG00000087087","SRRT","rna",401,"target"
"687",22642,"0h","rep3","ENSG00000087087","SRRT","rna",376,"target"
"688",33376,"14h","rep1","ENSG00000087087","SRRT","rna",2138.6,"target"
"689",44110,"14h","rep2","ENSG00000087087","SRRT","rna",2198,"target"
"690",54844,"14h","rep3","ENSG00000087087","SRRT","rna",2733,"target"
"691",65578,"4h","rep1","ENSG00000087087","SRRT","rna",345,"target"
"692",76312,"4h","rep2","ENSG00000087087","SRRT","rna",284,"target"
"693",87046,"4h","rep3","ENSG00000087087","SRRT","rna",328,"target"
"694",97780,"8h","rep1","ENSG00000087087","SRRT","rna",982,"target"
"695",108514,"8h","rep2","ENSG00000087087","SRRT","rna",1027,"target"
"696",119248,"8h","rep3","ENSG00000087087","SRRT","rna",1042,"target"
"697",4236,"0h","rep1","ENSG00000131864","USP29","rna",0,"target"
"698",14970,"0h","rep2","ENSG00000131864","USP29","rna",2,"target"
"699",25704,"0h","rep3","ENSG00000131864","USP29","rna",1,"target"
"700",36438,"14h","rep1","ENSG00000131864","USP29","rna",99,"target"
"701",47172,"14h","rep2","ENSG00000131864","USP29","rna",81,"target"
"702",57906,"14h","rep3","ENSG00000131864","USP29","rna",71,"target"
"703",68640,"4h","rep1","ENSG00000131864","USP29","rna",32,"target"
"704",79374,"4h","rep2","ENSG00000131864","USP29","rna",34,"target"
"705",90108,"4h","rep3","ENSG00000131864","USP29","rna",32,"target"
"706",100842,"8h","rep1","ENSG00000131864","USP29","rna",96,"target"
"707",111576,"8h","rep2","ENSG00000131864","USP29","rna",116,"target"
"708",122310,"8h","rep3","ENSG00000131864","USP29","rna",85,"target"
"709",9682,"0h","rep1","ENSG00000198730","CTR9","rna",224,"target"
"710",20416,"0h","rep2","ENSG00000198730","CTR9","rna",229,"target"
"711",31150,"0h","rep3","ENSG00000198730","CTR9","rna",182,"target"
"712",41884,"14h","rep1","ENSG00000198730","CTR9","rna",2062,"target"
"713",52618,"14h","rep2","ENSG00000198730","CTR9","rna",1568,"target"
"714",63352,"14h","rep3","ENSG00000198730","CTR9","rna",1853,"target"
"715",74086,"4h","rep1","ENSG00000198730","CTR9","rna",310,"target"
"716",84820,"4h","rep2","ENSG00000198730","CTR9","rna",261,"target"
"717",95554,"4h","rep3","ENSG00000198730","CTR9","rna",254,"target"
"718",106288,"8h","rep1","ENSG00000198730","CTR9","rna",920,"target"
"719",117022,"8h","rep2","ENSG00000198730","CTR9","rna",923,"target"
"720",127756,"8h","rep3","ENSG00000198730","CTR9","rna",967,"target"
"721",6508,"0h","rep1","ENSG00000159082","SYNJ1","rna",44,"target"
"722",17242,"0h","rep2","ENSG00000159082","SYNJ1","rna",58.01,"target"
"723",27976,"0h","rep3","ENSG00000159082","SYNJ1","rna",50,"target"
"724",38710,"14h","rep1","ENSG00000159082","SYNJ1","rna",837.99,"target"
"725",49444,"14h","rep2","ENSG00000159082","SYNJ1","rna",681,"target"
"726",60178,"14h","rep3","ENSG00000159082","SYNJ1","rna",783.99,"target"
"727",70912,"4h","rep1","ENSG00000159082","SYNJ1","rna",160,"target"
"728",81646,"4h","rep2","ENSG00000159082","SYNJ1","rna",137,"target"
"729",92380,"4h","rep3","ENSG00000159082","SYNJ1","rna",129.99,"target"
"730",103114,"8h","rep1","ENSG00000159082","SYNJ1","rna",471,"target"
"731",113848,"8h","rep2","ENSG00000159082","SYNJ1","rna",488,"target"
"732",124582,"8h","rep3","ENSG00000159082","SYNJ1","rna",448,"target"
"733",8,"0h","rep1","ENSG00000001167","NFYA","rna",52,"target"
"734",10742,"0h","rep2","ENSG00000001167","NFYA","rna",63,"target"
"735",21476,"0h","rep3","ENSG00000001167","NFYA","rna",61,"target"
"736",32210,"14h","rep1","ENSG00000001167","NFYA","rna",476,"target"
"737",42944,"14h","rep2","ENSG00000001167","NFYA","rna",482,"target"
"738",53678,"14h","rep3","ENSG00000001167","NFYA","rna",546,"target"
"739",64412,"4h","rep1","ENSG00000001167","NFYA","rna",183,"target"
"740",75146,"4h","rep2","ENSG00000001167","NFYA","rna",161,"target"
"741",85880,"4h","rep3","ENSG00000001167","NFYA","rna",159,"target"
"742",96614,"8h","rep1","ENSG00000001167","NFYA","rna",394,"target"
"743",107348,"8h","rep2","ENSG00000001167","NFYA","rna",360,"target"
"744",118082,"8h","rep3","ENSG00000001167","NFYA","rna",415,"target"
"745",8180,"0h","rep1","ENSG00000173917","HOXB2","rna",25,"target"
"746",18914,"0h","rep2","ENSG00000173917","HOXB2","rna",35,"target"
"747",29648,"0h","rep3","ENSG00000173917","HOXB2","rna",45,"target"
"748",40382,"14h","rep1","ENSG00000173917","HOXB2","rna",21,"target"
"749",51116,"14h","rep2","ENSG00000173917","HOXB2","rna",20,"target"
"750",61850,"14h","rep3","ENSG00000173917","HOXB2","rna",33,"target"
"751",72584,"4h","rep1","ENSG00000173917","HOXB2","rna",32,"target"
"752",83318,"4h","rep2","ENSG00000173917","HOXB2","rna",36,"target"
"753",94052,"4h","rep3","ENSG00000173917","HOXB2","rna",34,"target"
"754",104786,"8h","rep1","ENSG00000173917","HOXB2","rna",62,"target"
"755",115520,"8h","rep2","ENSG00000173917","HOXB2","rna",61,"target"
"756",126254,"8h","rep3","ENSG00000173917","HOXB2","rna",67,"target"
"757",6514,"0h","rep1","ENSG00000159140","SON","rna",905.99,"target"
"758",17248,"0h","rep2","ENSG00000159140","SON","rna",838.99,"target"
"759",27982,"0h","rep3","ENSG00000159140","SON","rna",805.99,"target"
"760",38716,"14h","rep1","ENSG00000159140","SON","rna",1263.98,"target"
"761",49450,"14h","rep2","ENSG00000159140","SON","rna",1089.99,"target"
"762",60184,"14h","rep3","ENSG00000159140","SON","rna",1228.97,"target"
"763",70918,"4h","rep1","ENSG00000159140","SON","rna",791.98,"target"
"764",81652,"4h","rep2","ENSG00000159140","SON","rna",754.99,"target"
"765",92386,"4h","rep3","ENSG00000159140","SON","rna",697.99,"target"
"766",103120,"8h","rep1","ENSG00000159140","SON","rna",729.98,"target"
"767",113854,"8h","rep2","ENSG00000159140","SON","rna",747.98,"target"
"768",124588,"8h","rep3","ENSG00000159140","SON","rna",784,"target"
"769",3346,"0h","rep1","ENSG00000119986","AVPI1","rna",34,"target"
"770",14080,"0h","rep2","ENSG00000119986","AVPI1","rna",35,"target"
"771",24814,"0h","rep3","ENSG00000119986","AVPI1","rna",43,"target"
"772",35548,"14h","rep1","ENSG00000119986","AVPI1","rna",76,"target"
"773",46282,"14h","rep2","ENSG00000119986","AVPI1","rna",88,"target"
"774",57016,"14h","rep3","ENSG00000119986","AVPI1","rna",102,"target"
"775",67750,"4h","rep1","ENSG00000119986","AVPI1","rna",118,"target"
"776",78484,"4h","rep2","ENSG00000119986","AVPI1","rna",103,"target"
"777",89218,"4h","rep3","ENSG00000119986","AVPI1","rna",86,"target"
"778",99952,"8h","rep1","ENSG00000119986","AVPI1","rna",137,"target"
"779",110686,"8h","rep2","ENSG00000119986","AVPI1","rna",162,"target"
"780",121420,"8h","rep3","ENSG00000119986","AVPI1","rna",133,"target"
"781",3492,"0h","rep1","ENSG00000122257","RBBP6","rna",581,"target"
"782",14226,"0h","rep2","ENSG00000122257","RBBP6","rna",562.99,"target"
"783",24960,"0h","rep3","ENSG00000122257","RBBP6","rna",508.01,"target"
"784",35694,"14h","rep1","ENSG00000122257","RBBP6","rna",4668.99,"target"
"785",46428,"14h","rep2","ENSG00000122257","RBBP6","rna",3678.99,"target"
"786",57162,"14h","rep3","ENSG00000122257","RBBP6","rna",4101.98,"target"
"787",67896,"4h","rep1","ENSG00000122257","RBBP6","rna",2562.99,"target"
"788",78630,"4h","rep2","ENSG00000122257","RBBP6","rna",2434.01,"target"
"789",89364,"4h","rep3","ENSG00000122257","RBBP6","rna",2128,"target"
"790",100098,"8h","rep1","ENSG00000122257","RBBP6","rna",1004.01,"target"
"791",110832,"8h","rep2","ENSG00000122257","RBBP6","rna",939,"target"
"792",121566,"8h","rep3","ENSG00000122257","RBBP6","rna",975,"target"
"793",7979,"0h","rep1","ENSG00000171824","EXOSC10","rna",379,"target"
"794",18713,"0h","rep2","ENSG00000171824","EXOSC10","rna",468,"target"
"795",29447,"0h","rep3","ENSG00000171824","EXOSC10","rna",393,"target"
"796",40181,"14h","rep1","ENSG00000171824","EXOSC10","rna",1251,"target"
"797",50915,"14h","rep2","ENSG00000171824","EXOSC10","rna",1128,"target"
"798",61649,"14h","rep3","ENSG00000171824","EXOSC10","rna",1279,"target"
"799",72383,"4h","rep1","ENSG00000171824","EXOSC10","rna",765,"target"
"800",83117,"4h","rep2","ENSG00000171824","EXOSC10","rna",762,"target"
"801",93851,"4h","rep3","ENSG00000171824","EXOSC10","rna",677,"target"
"802",104585,"8h","rep1","ENSG00000171824","EXOSC10","rna",1338,"target"
"803",115319,"8h","rep2","ENSG00000171824","EXOSC10","rna",1475,"target"
"804",126053,"8h","rep3","ENSG00000171824","EXOSC10","rna",1416,"target"
"805",1379,"0h","rep1","ENSG00000095380","NANS","rna",340,"target"
"806",12113,"0h","rep2","ENSG00000095380","NANS","rna",366,"target"
"807",22847,"0h","rep3","ENSG00000095380","NANS","rna",329,"target"
"808",33581,"14h","rep1","ENSG00000095380","NANS","rna",1215,"target"
"809",44315,"14h","rep2","ENSG00000095380","NANS","rna",1030,"target"
"810",55049,"14h","rep3","ENSG00000095380","NANS","rna",1302,"target"
"811",65783,"4h","rep1","ENSG00000095380","NANS","rna",359,"target"
"812",76517,"4h","rep2","ENSG00000095380","NANS","rna",329,"target"
"813",87251,"4h","rep3","ENSG00000095380","NANS","rna",319,"target"
"814",97985,"8h","rep1","ENSG00000095380","NANS","rna",571,"target"
"815",108719,"8h","rep2","ENSG00000095380","NANS","rna",609,"target"
"816",119453,"8h","rep3","ENSG00000095380","NANS","rna",626,"target"
"817",3636,"0h","rep1","ENSG00000124216","SNAI1","rna",3,"target"
"818",14370,"0h","rep2","ENSG00000124216","SNAI1","rna",4,"target"
"819",25104,"0h","rep3","ENSG00000124216","SNAI1","rna",0,"target"
"820",35838,"14h","rep1","ENSG00000124216","SNAI1","rna",162,"target"
"821",46572,"14h","rep2","ENSG00000124216","SNAI1","rna",173,"target"
"822",57306,"14h","rep3","ENSG00000124216","SNAI1","rna",190,"target"
"823",68040,"4h","rep1","ENSG00000124216","SNAI1","rna",26,"target"
"824",78774,"4h","rep2","ENSG00000124216","SNAI1","rna",24,"target"
"825",89508,"4h","rep3","ENSG00000124216","SNAI1","rna",18,"target"
"826",100242,"8h","rep1","ENSG00000124216","SNAI1","rna",77,"target"
"827",110976,"8h","rep2","ENSG00000124216","SNAI1","rna",75,"target"
"828",121710,"8h","rep3","ENSG00000124216","SNAI1","rna",103,"target"
"829",5244,"0h","rep1","ENSG00000141384","TAF4B","rna",22,"target"
"830",15978,"0h","rep2","ENSG00000141384","TAF4B","rna",23,"target"
"831",26712,"0h","rep3","ENSG00000141384","TAF4B","rna",32,"target"
"832",37446,"14h","rep1","ENSG00000141384","TAF4B","rna",1274,"target"
"833",48180,"14h","rep2","ENSG00000141384","TAF4B","rna",1056,"target"
"834",58914,"14h","rep3","ENSG00000141384","TAF4B","rna",1086,"target"
"835",69648,"4h","rep1","ENSG00000141384","TAF4B","rna",31,"target"
"836",80382,"4h","rep2","ENSG00000141384","TAF4B","rna",31,"target"
"837",91116,"4h","rep3","ENSG00000141384","TAF4B","rna",27,"target"
"838",101850,"8h","rep1","ENSG00000141384","TAF4B","rna",348,"target"
"839",112584,"8h","rep2","ENSG00000141384","TAF4B","rna",373,"target"
"840",123318,"8h","rep3","ENSG00000141384","TAF4B","rna",375,"target"
"841",6220,"0h","rep1","ENSG00000154642","C21orf91","rna",37.01,"target"
"842",16954,"0h","rep2","ENSG00000154642","C21orf91","rna",25.99,"target"
"843",27688,"0h","rep3","ENSG00000154642","C21orf91","rna",29.99,"target"
"844",38422,"14h","rep1","ENSG00000154642","C21orf91","rna",724.99,"target"
"845",49156,"14h","rep2","ENSG00000154642","C21orf91","rna",501.98,"target"
"846",59890,"14h","rep3","ENSG00000154642","C21orf91","rna",626.99,"target"
"847",70624,"4h","rep1","ENSG00000154642","C21orf91","rna",193.99,"target"
"848",81358,"4h","rep2","ENSG00000154642","C21orf91","rna",194,"target"
"849",92092,"4h","rep3","ENSG00000154642","C21orf91","rna",155.01,"target"
"850",102826,"8h","rep1","ENSG00000154642","C21orf91","rna",304.01,"target"
"851",113560,"8h","rep2","ENSG00000154642","C21orf91","rna",354,"target"
"852",124294,"8h","rep3","ENSG00000154642","C21orf91","rna",337,"target"
"853",206,"0h","rep1","ENSG00000013441","CLK1","rna",133,"target"
"854",10940,"0h","rep2","ENSG00000013441","CLK1","rna",113,"target"
"855",21674,"0h","rep3","ENSG00000013441","CLK1","rna",124,"target"
"856",32408,"14h","rep1","ENSG00000013441","CLK1","rna",1338,"target"
"857",43142,"14h","rep2","ENSG00000013441","CLK1","rna",980,"target"
"858",53876,"14h","rep3","ENSG00000013441","CLK1","rna",1204,"target"
"859",64610,"4h","rep1","ENSG00000013441","CLK1","rna",480,"target"
"860",75344,"4h","rep2","ENSG00000013441","CLK1","rna",460,"target"
"861",86078,"4h","rep3","ENSG00000013441","CLK1","rna",421,"target"
"862",96812,"8h","rep1","ENSG00000013441","CLK1","rna",410,"target"
"863",107546,"8h","rep2","ENSG00000013441","CLK1","rna",517,"target"
"864",118280,"8h","rep3","ENSG00000013441","CLK1","rna",441,"target"
"865",3125,"0h","rep1","ENSG00000117139","KDM5B","rna",331,"target"
"866",13859,"0h","rep2","ENSG00000117139","KDM5B","rna",381,"target"
"867",24593,"0h","rep3","ENSG00000117139","KDM5B","rna",350,"target"
"868",35327,"14h","rep1","ENSG00000117139","KDM5B","rna",3471,"target"
"869",46061,"14h","rep2","ENSG00000117139","KDM5B","rna",2943,"target"
"870",56795,"14h","rep3","ENSG00000117139","KDM5B","rna",3373,"target"
"871",67529,"4h","rep1","ENSG00000117139","KDM5B","rna",349,"target"
"872",78263,"4h","rep2","ENSG00000117139","KDM5B","rna",322,"target"
"873",88997,"4h","rep3","ENSG00000117139","KDM5B","rna",338,"target"
"874",99731,"8h","rep1","ENSG00000117139","KDM5B","rna",1518,"target"
"875",110465,"8h","rep2","ENSG00000117139","KDM5B","rna",1486,"target"
"876",121199,"8h","rep3","ENSG00000117139","KDM5B","rna",1472,"target"
"877",5053,"0h","rep1","ENSG00000139116","KIF21A","rna",29,"target"
"878",15787,"0h","rep2","ENSG00000139116","KIF21A","rna",27,"target"
"879",26521,"0h","rep3","ENSG00000139116","KIF21A","rna",28,"target"
"880",37255,"14h","rep1","ENSG00000139116","KIF21A","rna",424,"target"
"881",47989,"14h","rep2","ENSG00000139116","KIF21A","rna",311,"target"
"882",58723,"14h","rep3","ENSG00000139116","KIF21A","rna",378,"target"
"883",69457,"4h","rep1","ENSG00000139116","KIF21A","rna",68,"target"
"884",80191,"4h","rep2","ENSG00000139116","KIF21A","rna",41,"target"
"885",90925,"4h","rep3","ENSG00000139116","KIF21A","rna",58,"target"
"886",101659,"8h","rep1","ENSG00000139116","KIF21A","rna",222,"target"
"887",112393,"8h","rep2","ENSG00000139116","KIF21A","rna",229,"target"
"888",123127,"8h","rep3","ENSG00000139116","KIF21A","rna",231,"target"
"889",2356,"0h","rep1","ENSG00000108510","MED13","rna",616,"target"
"890",13090,"0h","rep2","ENSG00000108510","MED13","rna",683,"target"
"891",23824,"0h","rep3","ENSG00000108510","MED13","rna",629,"target"
"892",34558,"14h","rep1","ENSG00000108510","MED13","rna",1991,"target"
"893",45292,"14h","rep2","ENSG00000108510","MED13","rna",1520,"target"
"894",56026,"14h","rep3","ENSG00000108510","MED13","rna",1673,"target"
"895",66760,"4h","rep1","ENSG00000108510","MED13","rna",945,"target"
"896",77494,"4h","rep2","ENSG00000108510","MED13","rna",902,"target"
"897",88228,"4h","rep3","ENSG00000108510","MED13","rna",787,"target"
"898",98962,"8h","rep1","ENSG00000108510","MED13","rna",964,"target"
"899",109696,"8h","rep2","ENSG00000108510","MED13","rna",1120,"target"
"900",120430,"8h","rep3","ENSG00000108510","MED13","rna",967,"target"
"901",634,"0h","rep1","ENSG00000065665","SEC61A2","rna",15.99,"target"
"902",11368,"0h","rep2","ENSG00000065665","SEC61A2","rna",13.99,"target"
"903",22102,"0h","rep3","ENSG00000065665","SEC61A2","rna",25.01,"target"
"904",32836,"14h","rep1","ENSG00000065665","SEC61A2","rna",124,"target"
"905",43570,"14h","rep2","ENSG00000065665","SEC61A2","rna",112.75,"target"
"906",54304,"14h","rep3","ENSG00000065665","SEC61A2","rna",105.01,"target"
"907",65038,"4h","rep1","ENSG00000065665","SEC61A2","rna",21.01,"target"
"908",75772,"4h","rep2","ENSG00000065665","SEC61A2","rna",13.99,"target"
"909",86506,"4h","rep3","ENSG00000065665","SEC61A2","rna",13.01,"target"
"910",97240,"8h","rep1","ENSG00000065665","SEC61A2","rna",28,"target"
"911",107974,"8h","rep2","ENSG00000065665","SEC61A2","rna",16.99,"target"
"912",118708,"8h","rep3","ENSG00000065665","SEC61A2","rna",23,"target"
"913",9971,"0h","rep1","ENSG00000213782","DDX47","rna",222,"target"
"914",20705,"0h","rep2","ENSG00000213782","DDX47","rna",219,"target"
"915",31439,"0h","rep3","ENSG00000213782","DDX47","rna",228,"target"
"916",42173,"14h","rep1","ENSG00000213782","DDX47","rna",620,"target"
"917",52907,"14h","rep2","ENSG00000213782","DDX47","rna",539,"target"
"918",63641,"14h","rep3","ENSG00000213782","DDX47","rna",543,"target"
"919",74375,"4h","rep1","ENSG00000213782","DDX47","rna",205,"target"
"920",85109,"4h","rep2","ENSG00000213782","DDX47","rna",203,"target"
"921",95843,"4h","rep3","ENSG00000213782","DDX47","rna",180,"target"
"922",106577,"8h","rep1","ENSG00000213782","DDX47","rna",390,"target"
"923",117311,"8h","rep2","ENSG00000213782","DDX47","rna",433,"target"
"924",128045,"8h","rep3","ENSG00000213782","DDX47","rna",406,"target"
"925",726,"0h","rep1","ENSG00000069020","MAST4","rna",147.01,"target"
"926",11460,"0h","rep2","ENSG00000069020","MAST4","rna",171.99,"target"
"927",22194,"0h","rep3","ENSG00000069020","MAST4","rna",145.01,"target"
"928",32928,"14h","rep1","ENSG00000069020","MAST4","rna",160,"target"
"929",43662,"14h","rep2","ENSG00000069020","MAST4","rna",171.01,"target"
"930",54396,"14h","rep3","ENSG00000069020","MAST4","rna",170.99,"target"
"931",65130,"4h","rep1","ENSG00000069020","MAST4","rna",453.99,"target"
"932",75864,"4h","rep2","ENSG00000069020","MAST4","rna",438,"target"
"933",86598,"4h","rep3","ENSG00000069020","MAST4","rna",426.99,"target"
"934",97332,"8h","rep1","ENSG00000069020","MAST4","rna",188.01,"target"
"935",108066,"8h","rep2","ENSG00000069020","MAST4","rna",136.01,"target"
"936",118800,"8h","rep3","ENSG00000069020","MAST4","rna",177,"target"
"937",7228,"0h","rep1","ENSG00000165630","PRPF18","rna",81.33,"target"
"938",17962,"0h","rep2","ENSG00000165630","PRPF18","rna",78.5,"target"
"939",28696,"0h","rep3","ENSG00000165630","PRPF18","rna",78.33,"target"
"940",39430,"14h","rep1","ENSG00000165630","PRPF18","rna",357.67,"target"
"941",50164,"14h","rep2","ENSG00000165630","PRPF18","rna",267.67,"target"
"942",60898,"14h","rep3","ENSG00000165630","PRPF18","rna",288.67,"target"
"943",71632,"4h","rep1","ENSG00000165630","PRPF18","rna",92.5,"target"
"944",82366,"4h","rep2","ENSG00000165630","PRPF18","rna",68,"target"
"945",93100,"4h","rep3","ENSG00000165630","PRPF18","rna",63.5,"target"
"946",103834,"8h","rep1","ENSG00000165630","PRPF18","rna",168,"target"
"947",114568,"8h","rep2","ENSG00000165630","PRPF18","rna",206.5,"target"
"948",125302,"8h","rep3","ENSG00000165630","PRPF18","rna",186.17,"target"
"949",3268,"0h","rep1","ENSG00000119326","CTNNAL1","rna",418.01,"target"
"950",14002,"0h","rep2","ENSG00000119326","CTNNAL1","rna",431.01,"target"
"951",24736,"0h","rep3","ENSG00000119326","CTNNAL1","rna",388.01,"target"
"952",35470,"14h","rep1","ENSG00000119326","CTNNAL1","rna",2431.99,"target"
"953",46204,"14h","rep2","ENSG00000119326","CTNNAL1","rna",1757,"target"
"954",56938,"14h","rep3","ENSG00000119326","CTNNAL1","rna",1908.01,"target"
"955",67672,"4h","rep1","ENSG00000119326","CTNNAL1","rna",505.01,"target"
"956",78406,"4h","rep2","ENSG00000119326","CTNNAL1","rna",553.01,"target"
"957",89140,"4h","rep3","ENSG00000119326","CTNNAL1","rna",469.01,"target"
"958",99874,"8h","rep1","ENSG00000119326","CTNNAL1","rna",786,"target"
"959",110608,"8h","rep2","ENSG00000119326","CTNNAL1","rna",907.99,"target"
"960",121342,"8h","rep3","ENSG00000119326","CTNNAL1","rna",867.01,"target"
"961",4628,"0h","rep1","ENSG00000135766","EGLN1","rna",175,"target"
"962",15362,"0h","rep2","ENSG00000135766","EGLN1","rna",183,"target"
"963",26096,"0h","rep3","ENSG00000135766","EGLN1","rna",209,"target"
"964",36830,"14h","rep1","ENSG00000135766","EGLN1","rna",371,"target"
"965",47564,"14h","rep2","ENSG00000135766","EGLN1","rna",234,"target"
"966",58298,"14h","rep3","ENSG00000135766","EGLN1","rna",258,"target"
"967",69032,"4h","rep1","ENSG00000135766","EGLN1","rna",245,"target"
"968",79766,"4h","rep2","ENSG00000135766","EGLN1","rna",212,"target"
"969",90500,"4h","rep3","ENSG00000135766","EGLN1","rna",199,"target"
"970",101234,"8h","rep1","ENSG00000135766","EGLN1","rna",583,"target"
"971",111968,"8h","rep2","ENSG00000135766","EGLN1","rna",552,"target"
"972",122702,"8h","rep3","ENSG00000135766","EGLN1","rna",544,"target"
"973",3284,"0h","rep1","ENSG00000119487","MAPKAP1","rna",579,"target"
"974",14018,"0h","rep2","ENSG00000119487","MAPKAP1","rna",595.01,"target"
"975",24752,"0h","rep3","ENSG00000119487","MAPKAP1","rna",638,"target"
"976",35486,"14h","rep1","ENSG00000119487","MAPKAP1","rna",298.01,"target"
"977",46220,"14h","rep2","ENSG00000119487","MAPKAP1","rna",252.01,"target"
"978",56954,"14h","rep3","ENSG00000119487","MAPKAP1","rna",279,"target"
"979",67688,"4h","rep1","ENSG00000119487","MAPKAP1","rna",552.99,"target"
"980",78422,"4h","rep2","ENSG00000119487","MAPKAP1","rna",563,"target"
"981",89156,"4h","rep3","ENSG00000119487","MAPKAP1","rna",599.99,"target"
"982",99890,"8h","rep1","ENSG00000119487","MAPKAP1","rna",407.01,"target"
"983",110624,"8h","rep2","ENSG00000119487","MAPKAP1","rna",471.99,"target"
"984",121358,"8h","rep3","ENSG00000119487","MAPKAP1","rna",428.99,"target"
"985",2942,"0h","rep1","ENSG00000115310","RTN4","rna",1117,"target"
"986",13676,"0h","rep2","ENSG00000115310","RTN4","rna",1480.97,"target"
"987",24410,"0h","rep3","ENSG00000115310","RTN4","rna",1247,"target"
"988",35144,"14h","rep1","ENSG00000115310","RTN4","rna",1630.99,"target"
"989",45878,"14h","rep2","ENSG00000115310","RTN4","rna",1118.98,"target"
"990",56612,"14h","rep3","ENSG00000115310","RTN4","rna",1254.98,"target"
"991",67346,"4h","rep1","ENSG00000115310","RTN4","rna",1401.97,"target"
"992",78080,"4h","rep2","ENSG00000115310","RTN4","rna",1233.99,"target"
"993",88814,"4h","rep3","ENSG00000115310","RTN4","rna",1137.98,"target"
"994",99548,"8h","rep1","ENSG00000115310","RTN4","rna",1351.98,"target"
"995",110282,"8h","rep2","ENSG00000115310","RTN4","rna",1287.99,"target"
"996",121016,"8h","rep3","ENSG00000115310","RTN4","rna",1237,"target"
"997",6353,"0h","rep1","ENSG00000156671","SAMD8","rna",74,"target"
"998",17087,"0h","rep2","ENSG00000156671","SAMD8","rna",60,"target"
"999",27821,"0h","rep3","ENSG00000156671","SAMD8","rna",72,"target"
"1000",38555,"14h","rep1","ENSG00000156671","SAMD8","rna",1076,"target"
"1001",49289,"14h","rep2","ENSG00000156671","SAMD8","rna",748,"target"
"1002",60023,"14h","rep3","ENSG00000156671","SAMD8","rna",913,"target"
"1003",70757,"4h","rep1","ENSG00000156671","SAMD8","rna",142,"target"
"1004",81491,"4h","rep2","ENSG00000156671","SAMD8","rna",143,"target"
"1005",92225,"4h","rep3","ENSG00000156671","SAMD8","rna",140,"target"
"1006",102959,"8h","rep1","ENSG00000156671","SAMD8","rna",396,"target"
"1007",113693,"8h","rep2","ENSG00000156671","SAMD8","rna",459,"target"
"1008",124427,"8h","rep3","ENSG00000156671","SAMD8","rna",422,"target"
"1009",2261,"0h","rep1","ENSG00000107295","SH3GL2","rna",0,"target"
"1010",12995,"0h","rep2","ENSG00000107295","SH3GL2","rna",2,"target"
"1011",23729,"0h","rep3","ENSG00000107295","SH3GL2","rna",0,"target"
"1012",34463,"14h","rep1","ENSG00000107295","SH3GL2","rna",13,"target"
"1013",45197,"14h","rep2","ENSG00000107295","SH3GL2","rna",9,"target"
"1014",55931,"14h","rep3","ENSG00000107295","SH3GL2","rna",14,"target"
"1015",66665,"4h","rep1","ENSG00000107295","SH3GL2","rna",0,"target"
"1016",77399,"4h","rep2","ENSG00000107295","SH3GL2","rna",0,"target"
"1017",88133,"4h","rep3","ENSG00000107295","SH3GL2","rna",0,"target"
"1018",98867,"8h","rep1","ENSG00000107295","SH3GL2","rna",3,"target"
"1019",109601,"8h","rep2","ENSG00000107295","SH3GL2","rna",6,"target"
"1020",120335,"8h","rep3","ENSG00000107295","SH3GL2","rna",4,"target"
